Workbook

Sheet 카테고리-메뉴
A1: 카테고리명 | B1: 메뉴명 | C1: 가격 | D1: 설명
A2: 커피 | B2: 아메리카노 | C2: 1000 | D2: 기본 2샷입니다
A3: 커피 | B3: 에스프레소 | C3: 1000
A4: 커피 | B4: 카페라떼 | C4: 2000
A5: 커피 | B5: 카푸치노 | C5: 3000
A6: 에이드 | B6: 레몬에이드 | C6: 1000
A7: 에이드 | B7: 자두에이드 | C7: 3000
A8: 에이드 | B8: 청포도에이드 | C8: 2000
A9: 푸드 | B9: 초코마들렌 | C9: 1000
A10: 푸드 | B10: 브라우니 | C10: 2000
A11: 푸드 | B11: 참치샌드위치 | C11: 2000

Sheet 옵션그룹
A1: 옵션그룹명 | B1: 단일선택여부 | C1: 필수여부 | D1: 대체선택여부 | E1: 최소선택수량 | F1: 최대선택수량
A2: 커피 | B2: FALSE | C2: FALSE | D2: FALSE
A3: 우유 | B3: FALSE | C3: FALSE | D3: FALSE | E3: 0 | F3: 1
A4: 얼음 | B4: TRUE | C4: FALSE | D4: FALSE
A5: 식기 | B5: FALSE | C5: FALSE | D5: FALSE
B6: FALSE | C6: FALSE | D6: FALSE
B7: FALSE | C7: FALSE | D7: TRUE
B8: FALSE | C8: FALSE | D8: FALSE
B9: FALSE | C9: FALSE | D9: FALSE
B10: FALSE | C10: FALSE | D10: TRUE
B11: FALSE | C11: FALSE | D11: FALSE
B12: FALSE | C12: FALSE | D12: FALSE
B13: FALSE | C13: FALSE | D13: FALSE
B14: FALSE | C14: FALSE | D14: FALSE
B15: FALSE | C15: FALSE | D15: FALSE
B16: FALSE | C16: FALSE | D16: FALSE
B17: FALSE | C17: FALSE | D17: FALSE
... B100: FALSE | C100: FALSE | D100: FALSE

Sheet 옵션
A1: 옵션그룹명 | B1: 옵션명 | C1: 가격
A2: 커피 | B2: 샷 추가 | C2: 1000
A3: 커피 | B3: 연하게
A4: 우유 | B4: 두유로 변경 | C4: 1000
A5: 우유 | B5: 저지방 우유 | C5: 0
A6: 우유 | B6: 무지방 우유
A7: 얼음 | B7: 많이
A8: 얼음 | B8: 보통
A9: 얼음 | B9: 적게
A10: 식기 | B10: 포크 주세요
A11: 식기 | B11: 나이프 주세요

Sheet 매핑
B1: =옵션그룹!$A2 -> 커피 | C1: =옵션그룹!$A3 -> 우유 | D1: =옵션그룹!$A4 -> 얼음 | E1: =옵션그룹!$A5 -> 식기 | F1: =옵션그룹!$A6 -> 0 | G1: =옵션그룹!$A7 -> 0 | H1: =옵션그룹!$A8 -> 0 | I1: =옵션그룹!$A9 -> 0 | J1: =옵션그룹!$A10 -> 0 | K1: =옵션그룹!$A11 -> 0 | L1: =옵션그룹!$A12 -> 0 | M1: =옵션그룹!$A13 -> 0 | N1: =옵션그룹!$A14 -> 0 | O1: =옵션그룹!$A15 -> 0 | P1: =옵션그룹!$A16 -> 0 | Q1: =옵션그룹!$A17 -> 0 | R1: =옵션그룹!$A18 -> 0 | S1: =옵션그룹!$A19 -> 0 | T1: =옵션그룹!$A20 -> 0 | U1: =옵션그룹!$A21 -> 0 | V1: =옵션그룹!$A22 -> 0 | W1: =옵션그룹!$A23 -> 0 | X1: =옵션그룹!$A24 -> 0 | Y1: =옵션그룹!$A25 -> 0 | Z1: =옵션그룹!$A26 -> 0 | AA1: =옵션그룹!$A27 -> 0
A2: ='카테고리-메뉴'!B2 -> 아메리카노 | B2: TRUE | C2: FALSE | D2: TRUE | E2: FALSE | F2: FALSE | G2: FALSE | H2: FALSE | I2: FALSE | J2: FALSE | K2: FALSE | L2: FALSE | M2: FALSE | N2: FALSE | O2: FALSE | P2: FALSE | Q2: FALSE | R2: FALSE | S2: FALSE | T2: FALSE | U2: FALSE | V2: FALSE | W2: FALSE | X2: FALSE | Y2: FALSE | Z2: FALSE | AA2: FALSE
A3: ='카테고리-메뉴'!B3 -> 에스프레소 | B3: TRUE | C3: FALSE | D3: TRUE | E3: FALSE | F3: FALSE | G3: FALSE | H3: FALSE | I3: FALSE | J3: FALSE | K3: FALSE | L3: FALSE | M3: FALSE | N3: FALSE | O3: FALSE | P3: FALSE | Q3: FALSE | R3: FALSE | S3: FALSE | T3: FALSE | U3: FALSE | V3: FALSE | W3: FALSE | X3: FALSE | Y3: FALSE | Z3: FALSE | AA3: FALSE
A4: ='카테고리-메뉴'!B4 -> 카페라떼 | B4: TRUE | C4: TRUE | D4: TRUE | E4: FALSE | F4: FALSE | G4: FALSE | H4: FALSE | I4: FALSE | J4: FALSE | K4: FALSE | L4: FALSE | M4: FALSE | N4: FALSE | O4: FALSE | P4: FALSE | Q4: FALSE | R4: FALSE | S4: FALSE | T4: FALSE | U4: FALSE | V4: FALSE | W4: FALSE | X4: FALSE | Y4: FALSE | Z4: FALSE | AA4: FALSE
A5: ='카테고리-메뉴'!B5 -> 카푸치노 | B5: TRUE | C5: TRUE | D5: TRUE | E5: FALSE | F5: FALSE | G5: FALSE | H5: FALSE | I5: FALSE | J5: FALSE | K5: FALSE | L5: FALSE | M5: FALSE | N5: FALSE | O5: FALSE | P5: FALSE | Q5: FALSE | R5: FALSE | S5: FALSE | T5: FALSE | U5: FALSE | V5: FALSE | W5: FALSE | X5: FALSE | Y5: FALSE | Z5: FALSE | AA5: FALSE
A6: ='카테고리-메뉴'!B6 -> 레몬에이드 | B6: FALSE | C6: FALSE | D6: TRUE | E6: FALSE | F6: FALSE | G6: FALSE | H6: FALSE | I6: FALSE | J6: FALSE | K6: FALSE | L6: FALSE | M6: FALSE | N6: FALSE | O6: FALSE | P6: FALSE | Q6: FALSE | R6: FALSE | S6: FALSE | T6: FALSE | U6: FALSE | V6: FALSE | W6: FALSE | X6: FALSE | Y6: FALSE | Z6: FALSE | AA6: FALSE
A7: ='카테고리-메뉴'!B7 -> 자두에이드 | B7: FALSE | C7: FALSE | D7: TRUE | E7: FALSE | F7: FALSE | G7: FALSE | H7: FALSE | I7: FALSE | J7: FALSE | K7: FALSE | L7: FALSE | M7: FALSE | N7: FALSE | O7: FALSE | P7: FALSE | Q7: FALSE | R7: FALSE | S7: FALSE | T7: FALSE | U7: FALSE | V7: FALSE | W7: FALSE | X7: FALSE | Y7: FALSE | Z7: FALSE | AA7: FALSE
A8: ='카테고리-메뉴'!B8 -> 청포도에이드 | B8: FALSE | C8: FALSE | D8: TRUE | E8: FALSE | F8: FALSE | G8: FALSE | H8: FALSE | I8: FALSE | J8: FALSE | K8: FALSE | L8: FALSE | M8: FALSE | N8: FALSE | O8: FALSE | P8: FALSE | Q8: FALSE | R8: FALSE | S8: FALSE | T8: FALSE | U8: FALSE | V8: FALSE | W8: FALSE | X8: FALSE | Y8: FALSE | Z8: FALSE | AA8: FALSE
A9: ='카테고리-메뉴'!B9 -> 초코마들렌 | B9: FALSE | C9: FALSE | D9: FALSE | E9: TRUE | F9: FALSE | G9: FALSE | H9: FALSE | I9: FALSE | J9: FALSE | K9: FALSE | L9: FALSE | M9: FALSE | N9: FALSE | O9: FALSE | P9: FALSE | Q9: FALSE | R9: FALSE | S9: FALSE | T9: FALSE | U9: FALSE | V9: FALSE | W9: FALSE | X9: FALSE | Y9: FALSE | Z9: FALSE | AA9: FALSE
A10: ='카테고리-메뉴'!B10 -> 브라우니 | B10: FALSE | C10: FALSE | D10: FALSE | E10: TRUE | F10: FALSE | G10: FALSE | H10: FALSE | I10: FALSE | J10: FALSE | K10: FALSE | L10: FALSE | M10: FALSE | N10: FALSE | O10: FALSE | P10: FALSE | Q10: FALSE | R10: FALSE | S10: FALSE | T10: FALSE | U10: FALSE | V10: FALSE | W10: FALSE | X10: FALSE | Y10: FALSE | Z10: FALSE | AA10: FALSE
A11: ='카테고리-메뉴'!B11 -> 참치샌드위치 | B11: FALSE | C11: FALSE | D11: FALSE | E11: TRUE | F11: FALSE | G11: FALSE | H11: FALSE | I11: FALSE | J11: FALSE | K11: FALSE | L11: FALSE | M11: FALSE | N11: FALSE | O11: FALSE | P11: TRUE | Q11: FALSE | R11: FALSE | S11: FALSE | T11: FALSE | U11: FALSE | V11: FALSE | W11: FALSE | X11: FALSE | Y11: FALSE | Z11: FALSE | AA11: FALSE
A12: ='카테고리-메뉴'!B12 -> 0 | B12: FALSE | C12: FALSE | D12: FALSE | E12: TRUE | F12: FALSE | G12: FALSE | H12: FALSE | I12: FALSE | J12: FALSE | K12: FALSE | L12: FALSE | M12: FALSE | N12: FALSE | O12: FALSE | P12: FALSE | Q12: FALSE | R12: FALSE | S12: FALSE | T12: FALSE | U12: FALSE | V12: FALSE | W12: FALSE | X12: FALSE | Y12: FALSE | Z12: FALSE | AA12: FALSE
A13: ='카테고리-메뉴'!B13 -> 0 | B13: FALSE | C13: FALSE | D13: FALSE | E13: FALSE | F13: FALSE | G13: FALSE | H13: FALSE | I13: FALSE | J13: FALSE | K13: FALSE | L13: FALSE | M13: FALSE | N13: TRUE | O13: FALSE | P13: FALSE | Q13: FALSE | R13: FALSE | S13: FALSE | T13: FALSE | U13: FALSE | V13: FALSE | W13: FALSE | X13: FALSE | Y13: FALSE | Z13: FALSE | AA13: FALSE
... A39: ='카테고리-메뉴'!B39 -> 0 | B39: FALSE | C39: FALSE | D39: FALSE | E39: FALSE | F39: FALSE | G39: FALSE | H39: FALSE | I39: FALSE | J39: FALSE | K39: FALSE | L39: FALSE | M39: FALSE | N39: FALSE | O39: FALSE | P39: FALSE | Q39: FALSE | R39: FALSE | S39: FALSE | T39: FALSE | U39: FALSE | V39: FALSE | W39: FALSE | X39: FALSE | Y39: FALSE | Z39: FALSE | AA39: FALSE
A40: ='카테고리-메뉴'!B40 -> 0
A41: ='카테고리-메뉴'!B41 -> 0
A42: ='카테고리-메뉴'!B42 -> 0
A43: ='카테고리-메뉴'!B43 -> 0
A44: ='카테고리-메뉴'!B44 -> 0
A45: ='카테고리-메뉴'!B45 -> 0
A46: ='카테고리-메뉴'!B46 -> 0
A47: ='카테고리-메뉴'!B47 -> 0
A48: ='카테고리-메뉴'!B48 -> 0
A49: ='카테고리-메뉴'!B49 -> 0
A50: ='카테고리-메뉴'!B50 -> 0
A51: ='카테고리-메뉴'!B51 -> 0
... A100: ='카테고리-메뉴'!B100 -> 0
